{
    "dialogue": [
        {
            "id": "start",
            "player": false,
            "line": "Ah, a young tamer! Haven't seen many of your kind lately.",
            "next": "introduction_choice"
        },
        {
            "id": "introduction_choice",
            "player": true,
            "line": "You know about tamers?",
            "choices": [
                {
                    "text": "Were you one yourself?",
                    "next": "tamer_history"
                },
                {
                    "text": "What happened to the others?",
                    "next": "others_fate"
                }
            ]
        },
        {
            "id": "tamer_history",
            "player": false,
            "line": "Thirty years in the field. Retired now, but I still remember every creature I've trained.",
            "next": "accident_mention"
        },
        {
            "id": "others_fate",
            "player": false,
            "line": "Most left when the mutations started. Can't blame them. These aren't the creatures we used to know.",
            "next": "accident_mention"
        },
        {
            "id": "accident_mention",
            "player": false,
            "line": "I was there when the lab accident happened. Tried to warn them about pushing the experiments too far.",
            "next": "player_inquiry"
        },
        {
            "id": "player_inquiry",
            "player": true,
            "line": "What do you mean?",
            "choices": [
                {
                    "text": "What experiments?",
                    "next": "experiment_explanation"
                },
                {
                    "text": "Why didn't they listen?",
                    "next": "hubris_explanation"
                }
            ]
        },
        {
            "id": "experiment_explanation",
            "player": false,
            "line": "They wanted to enhance the creatures' natural abilities. Make them stronger, faster, more resilient.",
            "next": "personal_loss"
        },
        {
            "id": "hubris_explanation",
            "player": false,
            "line": "Progress at any cost - that was their motto. Even my years of experience meant nothing to them.",
            "next": "personal_loss"
        },
        {
            "id": "personal_loss",
            "player": false,
            "line": "My old partner, a creature I'd trained for twenty years, was one of the first to change.",
            "next": "final_choice"
        },
        {
            "id": "final_choice",
            "player": true,
            "line": "I'm sorry to hear that.",
            "choices": [
                {
                    "text": "What happened to your partner?",
                    "next": "partner_fate"
                },
                {
                    "text": "Can the mutations be reversed?",
                    "next": "mutation_insight"
                }
            ]
        },
        {
            "id": "partner_fate",
            "player": false,
            "line": "He's still out there somewhere. Different now. But sometimes, when I see him, I catch a glimpse of recognition in his eyes.",
            "next": "advice"
        },
        {
            "id": "mutation_insight",
            "player": false,
            "line": "The old bonds are still there, buried deep. But finding a way to restore them... that's the real challenge.",
            "next": "advice"
        },
        {
            "id": "advice",
            "player": false,
            "line": "Listen carefully, young one. These creatures - they're not just mindless beasts. Remember that.",
            "next": "final_tip"
        },
        {
            "id": "final_tip",
            "player": false,
            "line": "If you're heading out there, watch their eyes. The mutation shows there first. Stay safe.",
            "next": "end"
        }
    ]
}