{
    "dialogue": [
        {
            "id": "start",
            "player": false,
            "line": "Ah, you've arrived. The situation has grown worse since my last report.",
            "next": "initial_choice"
        },
        {
            "id": "initial_choice",
            "player": true,
            "line": "What's the current status?",
            "choices": [
                {
                    "text": "Tell me about the mutations",
                    "next": "mutation_info"
                },
                {
                    "text": "I want to help contain the beasts",
                    "next": "containment_info"
                },
                {
                    "text": "I need to train first",
                    "next": "training_path"
                }
            ]
        },
        {
            "id": "mutation_info",
            "player": false,
            "line": "The mutations are accelerating. Beasts that were docile last week are now exhibiting dangerous new abilities. Some can even influence others of their kind.",
            "next": "mutation_choice"
        },
        {
            "id": "mutation_choice",
            "player": true,
            "line": "Have you identified the cause?",
            "choices": [
                {
                    "text": "Could it be the environment?",
                    "next": "environment_theory"
                },
                {
                    "text": "Maybe it's spreading between them?",
                    "next": "spread_theory"
                },
                {
                    "text": "What about our experiments?",
                    "next": "experiment_theory"
                }
            ]
        },
        {
            "id": "environment_theory",
            "player": false,
            "line": "We've detected strange energy patterns in the area. The mutations seem to intensify near certain locations. If you're willing to investigate, I can mark them on your map.",
            "next": "investigation_choice"
        },
        {
            "id": "spread_theory",
            "player": false,
            "line": "An interesting theory. We've observed that when one beast mutates, others nearby often follow. The pattern suggests some form of communication or influence between them.",
            "next": "investigation_choice"
        },
        {
            "id": "experiment_theory",
            "player": false,
            "line": "Our past attempts to enhance their abilities might have had... unintended consequences. The modifications we made could be evolving beyond our control.",
            "next": "investigation_choice"
        },
        {
            "id": "investigation_choice",
            "player": true,
            "line": "How should we proceed?",
            "choices": [
                {
                    "text": "I'll investigate the hot spots",
                    "next": "accept_investigation"
                },
                {
                    "text": "Let me train with some tamed ones first",
                    "next": "training_path"
                },
                {
                    "text": "I need to prepare more",
                    "next": "delay_response"
                }
            ]
        },
        {
            "id": "containment_info",
            "player": false,
            "line": "The containment zone in town center has been breached. The stronger beasts are influencing the weaker ones, creating a cascade of mutations.",
            "next": "containment_choice"
        },
        {
            "id": "containment_choice",
            "player": true,
            "line": "What's our priority?",
            "choices": [
                {
                    "text": "Secure the breach",
                    "next": "secure_breach"
                },
                {
                    "text": "Contain the affected beasts",
                    "next": "contain_beasts"
                },
                {
                    "text": "Evacuate the remaining townsfolk",
                    "next": "evacuation"
                }
            ]
        },
        {
            "id": "training_path",
            "player": false,
            "line": "A wise choice. I've kept some of the stable specimens in this chest. They'll help you understand what you're up against. Remember, even these tamed ones are showing signs of change.",
            "next": "training_choice"
        },
        {
            "id": "training_choice",
            "player": true,
            "line": "What should I focus on?",
            "choices": [
                {
                    "text": "Combat techniques",
                    "next": "combat_training"
                },
                {
                    "text": "Understanding mutations",
                    "next": "mutation_training"
                },
                {
                    "text": "Beast control methods",
                    "next": "control_training"
                }
            ]
        },
        {
            "id": "accept_investigation",
            "player": false,
            "line": "Thank you. Be careful out there. The mutations are unpredictable, and some beasts may look familiar but behave very differently now. Start with the marked locations, but stay alert for any unusual activity.",
            "next": "final_warning"
        },
        {
            "id": "secure_breach",
            "player": false,
            "line": "The breach is in the northern sector. You'll need to be careful - the strongest mutations have gathered there. Take these tamed beasts for support, but don't let them get too close to the mutated ones.",
            "next": "mission_start"
        },
        {
            "id": "contain_beasts",
            "player": false,
            "line": "We've prepared special containment devices, but they need to be placed precisely. You'll have to get close to the affected beasts. The risk is high, but it's our best chance to study and reverse the mutations.",
            "next": "mission_start"
        },
        {
            "id": "evacuation",
            "player": false,
            "line": "There are still people trapped in the inner districts. The beasts are more aggressive toward strangers now, but they might remember those they once knew. Your experience with them could help create safe passages.",
            "next": "mission_start"
        },
        {
            "id": "combat_training",
            "player": false,
            "line": "Let's start with defensive maneuvers. The mutated beasts have new attack patterns we're still documenting. These training specimens will help you recognize the signs.",
            "next": "end"
        },
        {
            "id": "mutation_training",
            "player": false,
            "line": "Watch carefully. Even these stable specimens show subtle signs before changing. Learning to read these signs could save your life when you face the truly dangerous ones.",
            "next": "end"
        },
        {
            "id": "control_training",
            "player": false,
            "line": "The old control methods don't work on mutated beasts, but understanding the basics might help develop new approaches. Let's start with the fundamentals.",
            "next": "end"
        },
        {
            "id": "final_warning",
            "player": false,
            "line": "Remember, if you encounter any beast showing signs of advanced mutation, do not engage alone. Signal for backup and maintain observation from a safe distance.",
            "next": "end"
        },
        {
            "id": "mission_start",
            "player": false,
            "line": "Time is critical. Get your team ready and meet me at the command post for final briefing. And... good luck.",
            "next": "end"
        },
        {
            "id": "delay_response",
            "player": false,
            "line": "Understood. Take the time you need, but don't wait too long. The situation changes by the hour.",
            "next": "end"
        }
    ]
}