{
    "dialogue": [
        {
            "id": "start",
            "player": false,
            "line": "Oh, you've finally come! I've been waiting for you for a long time.",
            "next": "who_are_you"
        },
        {
            "id": "who_are_you",
            "player": true,
            "line": "Who exactly are you?",
            "choices": [
                {
                    "text": "I was told to meet someone here",
                    "next": "introduction"
                },
                {
                    "text": "How do you know about me?",
                    "next": "introduction_alt"
                }
            ]
        },
        {
            "id": "introduction",
            "player": false,
            "line": "I'm Professor Joshua Elm. I work at the university.",
            "next": "experiment_intro"
        },
        {
            "id": "introduction_alt",
            "player": false,
            "line": "My name is Professor Joshua Elm from the university. Your reputation precedes you.",
            "next": "experiment_intro"
        },
        {
            "id": "experiment_intro",
            "player": false,
            "line": "Recently, we've been making experiments on the local wildlife...",
            "next": "experiment_reveal"
        },
        {
            "id": "experiment_reveal",
            "player": false,
            "line": "...and we accidentally made some serious genetic modifications that backfired.",
            "next": "experiment_danger"
        },
        {
            "id": "experiment_danger",
            "player": false,
            "line": "What was supposed to be a harmless study turned into something dangerous.",
            "next": "situation_explanation"
        },
        {
            "id": "situation_explanation",
            "player": false,
            "line": "Now, all the creatures we were studying have escaped and are wreaking havoc on the region.",
            "next": "request_help"
        },
        {
            "id": "request_help",
            "player": false,
            "line": "We were told you were an expert in fighting these creatures. Can you help?",
            "next": "player_reaction"
        },
        {
            "id": "player_reaction",
            "player": true,
            "line": "This is a lot to take in...",
            "choices": [
                {
                    "text": "Why should I believe this?",
                    "next": "convince_player"
                },
                {
                    "text": "How bad is the situation?",
                    "next": "explain_severity"
                },
                {
                    "text": "I'm listening. Go on.",
                    "next": "continue_explanation"
                }
            ]
        },
        {
            "id": "convince_player",
            "player": false,
            "line": "I know it sounds unbelievable, but the situation is critical. Look around - the town is already half-empty because of these creatures.",
            "next": "explain_plan"
        },
        {
            "id": "explain_severity",
            "player": false,
            "line": "It's worse than we imagined. The mutations are spreading, and the creatures are becoming more aggressive by the day.",
            "next": "explain_plan"
        },
        {
            "id": "continue_explanation",
            "player": false,
            "line": "Thank you for hearing me out. The situation is dire, but with your help, we might have a chance.",
            "next": "explain_plan"
        },
        {
            "id": "explain_plan",
            "player": false,
            "line": "We need someone strong and capable to handle the escaped creatures before things get worse.",
            "next": "ask_method"
        },
        {
            "id": "ask_method",
            "player": true,
            "line": "How do you expect me to stop them?",
            "next": "offer_help"
        },
        {
            "id": "offer_help",
            "player": false,
            "line": "You'll need to use special techniques and tools to combat these altered creatures.",
            "next": "introduce_bulbasaur"
        },
        {
            "id": "introduce_bulbasaur",
            "player": false,
            "line": "I've prepared one of our best for you. Take it. His name is Bulbasaur, and he's an expert fighter.",
            "next": "player_hesitation"
        },
        {
            "id": "player_hesitation",
            "player": true,
            "line": "I'm not sure if I'm ready for this...",
            "choices": [
                {
                    "text": "But I'll do what I can",
                    "next": "accept_responsibility"
                },
                {
                    "text": "What if I fail?",
                    "next": "reassurance"
                }
            ]
        },
        {
            "id": "reassurance",
            "player": false,
            "line": "You don't have to do it alone. Along the way, you'll meet others who can lend a hand. We believe in you.",
            "next": "final_instructions"
        },
        {
            "id": "accept_responsibility",
            "player": false,
            "line": "Your courage is admirable. You won't be alone - others will help you along the way.",
            "next": "final_instructions"
        },
        {
            "id": "final_instructions",
            "player": false,
            "line": "They're hiding everywhere, and you might not even see them... Be careful out there.",
            "next": "farewell"
        },
        {
            "id": "farewell",
            "player": false,
            "line": "Good luck, and be safe. I'll be in touch with updates.",
            "next": "end"
        }
    ]
}