{
  "grass": {
    "animPath": "assets/images/entities/grass/grass.json"
  },
  "Wood": {
    "animPath": "assets/images/entities/wood/wood.json"
  },
  "Water": {
    "animPath": "assets/images/entities/water/water.json"
  },
  "Tile": {
    "animPath": "assets/images/entities/tile/tile.json"
  },
  "Stone": {
    "animPath": "assets/images/entities/stone/stone.json"
  },
  "Sand": {
    "animPath": "assets/images/entities/sand/sand.json"
  },
  "GrassBush": {
    "animPath": "assets/images/entities/grassbush/grassbush.json"
  },
  "Grass": {
    "animPath": "assets/images/entities/grass/grass.json"
  },
  "Carpet": {
    "animPath": "assets/images/entities/carpet/carpet.json"
  },
  "Chest": {
    "animPath": "assets/images/entities/chest/chest.json"
  },
  "Bush": {
    "animPath": "assets/images/entities/bush/bush.json"
  }
}