{
  "Bulbasaur": {
    "animPath": "assets/images/pokemon/bulbasaur/bulbasaur.json",
    "name": "Bulbasaur",
    "type": "Grass",
    "hp": 40,
    "attack": 10,
    "visible": false
  },
  "Charizard": {
    "animPath": "assets/images/pokemon/charizard/charizard.json",
    "name": "Charizard",
    "type": "Fire",
    "hp": 40,
    "attack": 5,
    "visible": false
  },
  "Ditto": {
    "animPath": "assets/images/pokemon/ditto/ditto.json",
    "name": "Ditto",
    "type": "Normal",
    "hp": 40,
    "attack": 2,
    "visible": true
  },
  "Bowser": {
    "name": "Bowser",
    "type": "Fire",
    "hp": 40,
    "attack": 3,
    "animPath": "assets/images/pokemon/bowser/bowser.json",
    "visible": false
  },
  "Villager": {
    "name": "Joshua Elm",
    "type": "NPC",
    "hp": 1000,
    "attack": 0,
    "animPath": "assets/images/pokemon/villager/villager.json",
    "dialogue": "assets/dialogue/npc_talk.json",
    "visible": true
  },
  "HouseManager": {
    "name": "HouseManager",
    "type": "NPC",
    "hp": 1000,
    "attack": 0,
    "animPath": "assets/images/pokemon/housemanager/housemanager.json",
    "dialogue": "assets/dialogue/housemanager_talk.json",
    "visible": true
  },
  "FriendlyMan": {
    "name": "FriendlyMan",
    "type": "NPC",
    "hp": 1000,
    "attack": 0,
    "animPath": "assets/images/pokemon/friendlyman/friendlyman.json",
    "dialogue": "assets/dialogue/friendlyman_talk.json",
    "visible": true
  },
  "blastoise": {
    "name": "blastoise",
    "type": "Water",
    "hp": 200,
    "attack": 20,
    "animPath": "assets/images/pokemon/blastoise/blastoise.json",
    "visible": true
  },
  "Blastoise": {
    "name": "Blastoise",
    "type": "Water",
    "hp": 100,
    "attack": 30,
    "animPath": "assets/images/pokemon/blastoise/blastoise.json",
    "visible": false
  },
  "Blastoise3": {
    "name": "Blastoise3",
    "type": "Water",
    "hp": 100,
    "attack": 20,
    "animPath": "assets/images/pokemon/blastoise3/blastoise3.json",
    "visible": true
  },
  "Jalen Brunson": {
    "name": "Jalen Brunson",
    "type": "NPC",
    "hp": 1000,
    "attack": 5,
    "animPath": "assets/images/pokemon/jalen brunson/jalen brunson.json",
    "visible": true,
    "dialogue": "assets/dialogue/housemanager_talk.json"
  }
}